Название;Цвет;Длина;Ширина;Толщина;Бренд;Коллекция;Текстура
"2141 Snow";Белого;3050;1440;20;Caesarstone;"Classico (Caesarstone)";Гранитная
"3100 Jet Black";Черного;3050;1440;20;Caesarstone;"Classico (Caesarstone)";Гранитная
"6270 Atlantic Salt";Серого;3050;1440;20;Caesarstone;"Classico (Caesarstone)";"Крупные вкрапления"
"4003 Sleek Concrete";Серого;3050;1440;20;Caesarstone;"Classico (Caesarstone)";Гранитная
"4130 Clamshell";Серого;3050;1440;20;Caesarstone;"Classico (Caesarstone)";Гранитная
"4220 Buttermilk";Бежевого;3050;1440;20;Caesarstone;"Classico (Caesarstone)";Гранитная
"4350 Mink";Коричневого;3050;1440;20;Caesarstone;"Classico (Caesarstone)";Гранитная
"1141 Pure White";Белого;3050;1440;20;Caesarstone;"Classico (Caesarstone)";Гранитная
"2200 Desert Limestone";Бежевого;3050;1440;20;Caesarstone;"Classico (Caesarstone)";Гранитная
"4230 Shitake ";Коричневого;3050;1440;20;Caesarstone;"Classico (Caesarstone)";Гранитная
"5000 London Grey";Светло-серого;3050;1440;20;Caesarstone;"Supernatural (Caesarstone)";Мраморная
"5003 Piatra Grey";Серого;3050;1440;20;Caesarstone;"Supernatural (Caesarstone)";Мраморная
"5100 Vanilla Noir";Черного;3050;1440;20;Caesarstone;"Supernatural (Caesarstone)";Мраморная
"5110 Alpine Mist";Светло-серого;3050;1440;20;Caesarstone;"Supernatural (Caesarstone)";Мраморная
"5133 Symphony Grey";Коричневого;3050;1440;20;Caesarstone;"Supernatural (Caesarstone)";Мраморная
"5141 Frosty Carrina";Светло-бежевого;3050;1440;20;Caesarstone;"Supernatural (Caesarstone)";Мраморная
"5211 Noble Grey";Светло-серого;3050;1500;20;Caesarstone;"Supernatural (Caesarstone)";Мраморная
"5212 Taj Royale";Бежевого;3050;1440;20;Caesarstone;"Supernatural (Caesarstone)";Мраморная
"5220 Dreamy Marfil";Светло-бежевого;3340;1640;20;Caesarstone;"Supernatural (Caesarstone)";Мраморная
"6003 Coastal Grey";Серого;3050;1500;20;Caesarstone;"Supernatural (Caesarstone)";Мраморная
"6046 Moorland Fog";Бежевого;3050;1440;20;Caesarstone;"Supernatural (Caesarstone)";Мраморная
"6131 Bianco Drift";Бежевого;3050;1440;20;Caesarstone;"Supernatural (Caesarstone)";Мраморная
"6338 Woodlands";Черного;3050;1440;20;Caesarstone;"Supernatural (Caesarstone)";Мраморная
"5143 White Attica";Серого;3050;1440;20;Caesarstone;"Classico (Caesarstone)";Мраморная
"4011 Cloudburst Concrete Матовый";Светло-серого;3340;1640;20;Caesarstone;"Metropolitan (Caesarstone)";Мраморная
"4023 Topus Concrete Матовый";Бежевого;3340;1640;20;Caesarstone;"Metropolitan (Caesarstone)";Мраморная
"4033 Rugged Concrete Матовый";Серого;3340;1640;20;Caesarstone;"Metropolitan (Caesarstone)";Мраморная
"4044 Airy Concrete Матовый";Серого;3340;1640;20;Caesarstone;"Metropolitan (Caesarstone)";Мраморная
"4046 Excava Матовый";Коричневого;3340;1640;20;Caesarstone;"Metropolitan (Caesarstone)";Мраморная
"5131 Calacatta Nuvo";Светло-серого;3050;1440;20;Caesarstone;"Calacatta (Caesarstone)";Мраморная
"6350 Chocolate Truffle";Коричневого;3050;1440;20;Caesarstone;"Classico (Caesarstone)";"Крупные вкрапления"
"5810 Black Tempal Матовый";Серого;3340;1640;20;Caesarstone;"Metropolitan (Caesarstone)";Мраморная
"4043 Primordia Матовый";Светло-серого;3340;1640;20;Caesarstone;"Metropolitan (Caesarstone)";Мраморная
"4735 Oxidian Матовый";Коричневого;3340;1640;20;Caesarstone;"Metropolitan (Caesarstone)";Мраморная
"4255 Crème Brule";Бежевого;3050;1440;20;Caesarstone;"Classico (Caesarstone)";Гранитная
"4360 Wild Rice";Коричневого;3050;1440;20;Caesarstone;"Classico (Caesarstone)";Гранитная
"5104 Tuscan Down";Коричневого;3050;1440;20;Caesarstone;"Supernatural (Caesarstone)";Мраморная
"5134 Urban Safari";Коричневого;3050;1440;20;Caesarstone;"Supernatural (Caesarstone)";Мраморная
"5380 Emperadoro";Коричневого;3050;1440;20;Caesarstone;"Supernatural (Caesarstone)";Мраморная
"2003 Concrete";Серого;3050;1440;20;Caesarstone;"Classico (Caesarstone)";Гранитная
"3200 Bondi";Бежевого;3050;1440;20;Caesarstone;"Classico (Caesarstone)";Гранитная
"6100 Black Noir";Черного;3050;1440;20;Caesarstone;"Classico (Caesarstone)";Гранитная
"6600 Nougat";Светло-бежевого;3050;1440;20;Caesarstone;"Classico (Caesarstone)";Гранитная
"4330 Ginger";Коричневого;3050;1440;20;Caesarstone;"Classico (Caesarstone)";Гранитная
"4600 Organic White";Белого;3050;1440;20;Caesarstone;"Classico (Caesarstone)";Гранитная
"5130 Cosmopolitan White";Светло-бежевого;3050;1440;20;Caesarstone;"Classico (Caesarstone)";Гранитная
"2030 Haze";Светло-бежевого;3050;1440;20;Caesarstone;"Classico (Caesarstone)";Гранитная
"2040 Urban";Коричневого;3050;1440;20;Caesarstone;"Classico (Caesarstone)";Гранитная
"2230 Linen";Бежевого;3050;1440;20;Caesarstone;"Classico (Caesarstone)";Гранитная
"2260 Sandy Beach";Бежевого;3050;1440;20;Caesarstone;"Classico (Caesarstone)";Гранитная
"3040 Titan";Серого;3050;1440;20;Caesarstone;"Classico (Caesarstone)";Гранитная
"3141 Egg Shell / Osprey";Светло-серого;3050;1440;20;Caesarstone;"Classico (Caesarstone)";Гранитная
"3142 White Shimmer";Белого;3050;1440;20;Caesarstone;"Classico (Caesarstone)";Гранитная
"3350 Walnut";Коричневого;3050;1440;20;Caesarstone;"Classico (Caesarstone)";Гранитная
"6011 Intense White (Maple)";Белого;3050;1440;20;Caesarstone;"Classico (Caesarstone)";Гранитная
"6041 Nordic Loft";Светло-бежевого;3050;1440;20;Caesarstone;"Classico (Caesarstone)";Гранитная
"6134 Georgian Bluffs";Светло-серого;3050;1440;20;Caesarstone;"Classico (Caesarstone)";Мраморная
"6141 Ocean Foam";Светло-бежевого;3050;1440;20;Caesarstone;"Classico (Caesarstone)";Гранитная
"6313 Turbine Grey";Бежевого;3050;1440;20;Caesarstone;"Classico (Caesarstone)";Мраморная
"7141 White Reflections";Светло-бежевого;3050;1440;20;Caesarstone;"Classico (Caesarstone)";Гранитная
"7150 Mosaici Carbone";Черного;3050;1440;20;Caesarstone;"Classico (Caesarstone)";Гранитная
"9141 Ice Snow";Белого;3050;1440;20;Caesarstone;"Classico (Caesarstone)";Гранитная
"4001 Fresh Concrete";Светло-бежевого;3050;1440;20;Caesarstone;"Classico (Caesarstone)";Гранитная
"4004 Raw Concrete";Светло-бежевого;3050;1440;20;Caesarstone;"Classico (Caesarstone)";Гранитная
"4030 Oyster";Серого;3050;1440;20;Caesarstone;"Classico (Caesarstone)";Гранитная
"4120 Raven";Серого;3050;1440;20;Caesarstone;"Classico (Caesarstone)";Гранитная
"4141 Misty Carrera";Светло-серого;3050;1440;20;Caesarstone;"Classico (Caesarstone)";Гранитная
"5043 Montblanc";Светло-серого;3050;1440;20;Caesarstone;"Classico (Caesarstone)";Мраморная
"4023 Topus Concrete *";Бежевого;3050;1440;20;Caesarstone;"Metropolitan (Caesarstone)";Мраморная
"4033 Rugged Concrete *";Серого;3050;1440;20;Caesarstone;"Metropolitan (Caesarstone)";Мраморная
"5031 Statuario Maximus";Коричневого;3050;1440;20;Caesarstone;"Calacatta (Caesarstone)";Мраморная
"5111 Statuario Nuvo";Светло-серого;3050;1440;20;Caesarstone;"Calacatta (Caesarstone)";Мраморная
"8141 White Quartz";Светло-бежевого;3050;1400;20;Caesarstone;"Concetto (Caesarstone)";"Полудрагоценные камни"
"8540 Dumortierite";"Синего / Голубого";3050;1400;20;Caesarstone;"Concetto (Caesarstone)";"Полудрагоценные камни"
"8531 Blue Agate";"Синего / Голубого";3000;1400;20;Caesarstone;"Concetto (Caesarstone)";"Полудрагоценные камни"
"8311 Gray Agate";Серого;3000;1400;20;Caesarstone;"Concetto (Caesarstone)";"Полудрагоценные камни"
"8310 Brown Agate";Коричневого;3000;1400;20;Caesarstone;"Concetto (Caesarstone)";"Полудрагоценные камни"
"8330 Petrified Wood";Коричневого;3050;1400;20;Caesarstone;"Concetto (Caesarstone)";"Полудрагоценные камни"
"8551 Amethyst";"Синего / Голубого";3050;1400;20;Caesarstone;"Concetto (Caesarstone)";"Полудрагоценные камни"
"8630 Tiger Eye";Желтого;3000;1400;20;Caesarstone;"Concetto (Caesarstone)";"Полудрагоценные камни"
"8617 Aragonite";Черного;3050;1400;20;Caesarstone;"Concetto (Caesarstone)";"Полудрагоценные камни"
"8331 Petrified Wood Classic";Коричневого;3050;1400;20;Caesarstone;"Concetto (Caesarstone)";"Полудрагоценные камни"
"8616 Blue Tiger Eye";"Синего / Голубого";3000;1400;20;Caesarstone;"Concetto (Caesarstone)";"Полудрагоценные камни"
"1012 Амьен";Светло-бежевого;3500;2000;20;"Avant Quartz";"Гранитная коллекция (Avant Quartz)";Гранитная
"1108 Ле-Ман";Коричневого;3050;1440;20;"Avant Quartz";"Гранитная коллекция (Avant Quartz)";Гранитная
"1100 Лимож";Бежевого;3050;1440;20;"Avant Quartz";"Гранитная коллекция (Avant Quartz)";Гранитная
"1220 Клермон";Светло-бежевого;3200;1600;20;"Avant Quartz";"Гранитная коллекция (Avant Quartz)";Гранитная
"1203 Орлеан";Коричневого;3050;1440;20;"Avant Quartz";"Гранитная коллекция (Avant Quartz)";Гранитная
"1250 Пуатье";Коричневого;3050;1440;20;"Avant Quartz";"Гранитная коллекция (Avant Quartz)";Гранитная
"1204 Пикардия";Коричневого;3050;1440;20;"Avant Quartz";"Гранитная коллекция (Avant Quartz)";Гранитная
"1240 Руан";Коричневого;3050;1440;20;"Avant Quartz";"Гранитная коллекция (Avant Quartz)";Гранитная
"1260 Нанси";Серого;3050;1440;20;"Avant Quartz";"Гранитная коллекция (Avant Quartz)";Гранитная
"9007 Фландрия";Коричневого;3050;1440;20;"Avant Quartz";"Мраморная коллекция (Avant Quartz)";Мраморная
"1000 Дижон";Белого;3500;2000;20;"Avant Quartz";"Гранитная коллекция (Avant Quartz)";Гранитная
"9002 Артуа";Бежевого;3050;1440;20;"Avant Quartz";"Мраморная коллекция (Avant Quartz)";Мраморная
"9003 Руссильон";Бежевого;3050;1440;20;"Avant Quartz";"Мраморная коллекция (Avant Quartz)";Мраморная
"9006 Лимузен";Коричневого;3050;1440;20;"Avant Quartz";"Мраморная коллекция (Avant Quartz)";Мраморная
"9005 Бурбонне";Коричневого;3050;1440;20;"Avant Quartz";"Мраморная коллекция (Avant Quartz)";Мраморная
"9009 Прованс";Коричневого;3050;1440;20;"Avant Quartz";"Мраморная коллекция (Avant Quartz)";Мраморная
"9010 Корсика";Бежевого;3050;1440;20;"Avant Quartz";"Мраморная коллекция (Avant Quartz)";Мраморная
"9012 Анжу";Черного;3050;1440;20;"Avant Quartz";"Мраморная коллекция (Avant Quartz)";Мраморная
"9014 Савойя  - снят с производства";Черного;3200;1600;20;"Avant Quartz";"Мраморная коллекция (Avant Quartz)";Мраморная
"2015 Франш-Конте";Светло-серого;3200;1600;20;"Avant Quartz";"Мраморная коллекция (Avant Quartz)";Мраморная
"9017 Бургундия";Светло-бежевого;3050;1440;20;"Avant Quartz";"Мраморная коллекция (Avant Quartz)";Мраморная
"9018 Ницца";Коричневого;3050;1440;20;"Avant Quartz";"Мраморная коллекция (Avant Quartz)";Мраморная
"9023 Лотарингия - Акция";Зеленого;3200;1600;20;"Avant Quartz";"Мраморная коллекция (Avant Quartz)";Мраморная
"7000 Калакатта Эно";Светло-серого;3200;1600;20;"Avant Quartz";"Мраморная коллекция (Avant Quartz)";Мраморная
"7100 Статуарио Лилль";Светло-серого;3200;1600;20;"Avant Quartz";"Мраморная коллекция (Avant Quartz)";Мраморная
"7200 Аквитания Бланка";Светло-серого;3200;1600;20;"Avant Quartz";"Мраморная коллекция (Avant Quartz)";Мраморная
"2032 Гренобль";Светло-серого;3050;1440;20;"Avant Quartz";"Мраморная коллекция (Avant Quartz)";Мраморная
"7500 Калакатта Аррас";Светло-серого;3200;1600;20;"Avant Quartz";"Мраморная коллекция (Avant Quartz)";Мраморная
"2031 Император Бонапарт";Коричневого;3050;1440;20;"Avant Quartz";"Мраморная коллекция (Avant Quartz)";Мраморная
"8046 Эсон (М)";Бежевого;3200;1600;20;"Avant Quartz";"Мраморная коллекция (Avant Quartz)";Мраморная
"2033 Лион";Коричневого;3050;1440;20;"Avant Quartz";"Мраморная коллекция (Avant Quartz)";Мраморная
"2030 Боттичино Бурж  - распродажа сток цена!";Светло-серого;3050;1440;20;"Avant Quartz";"Мраморная коллекция (Avant Quartz)";Мраморная
"9050 Грис Фонсе";Светло-серого;3050;1440;20;"Avant Quartz";"Мраморная коллекция (Avant Quartz)";Мраморная
"8100 Мулен (Матовый)                ";Светло-серого;3200;1600;20;"Avant Quartz";"Мраморная коллекция (Avant Quartz)";Мраморная
"8200 Бордо ";Коричневого;3050;1440;20;"Avant Quartz";"Мраморная коллекция (Avant Quartz)";Мраморная
"7670 Калакатта Кассель";Серого;3200;1600;20;"Avant Quartz";"Мраморная коллекция (Avant Quartz)";Мраморная
"7470 Каллаката Берн";Светло-бежевого;3200;1600;20;"Avant Quartz";"Мраморная коллекция (Avant Quartz)";Мраморная
"7400 Калакатта Дофине";Светло-бежевого;3200;1600;20;"Avant Quartz";"Мраморная коллекция (Avant Quartz)";Мраморная
"7600 Калакатта Ле Нор";Черного;3200;1600;20;"Avant Quartz";"Мраморная коллекция (Avant Quartz)";Мраморная
"7700 Калакатта Марсель";Черного;3200;1600;20;"Avant Quartz";"Мраморная коллекция (Avant Quartz)";Мраморная
"7900 Калакатта Ла-Рошель";Светло-серого;3050;1440;20;"Avant Quartz";"Мраморная коллекция (Avant Quartz)";Мраморная
"2060 Грей Тур";Серого;3200;1600;20;"Avant Quartz";"Мраморная коллекция (Avant Quartz)";Мраморная
"2065 Грей Ним - Снят с производства";Серого;3200;1600;20;"Avant Quartz";"Мраморная коллекция (Avant Quartz)";Мраморная
"8300 Мюроль (Матовый)                ";Коричневого;3200;1600;20;"Avant Quartz";"Мраморная коллекция (Avant Quartz)";Мраморная
"7300 Калакатта Аяччо";Серого;3200;1600;20;"Avant Quartz";"Мраморная коллекция (Avant Quartz)";Мраморная
"7630 Калакатта Венсен";Серого;3200;1600;20;"Avant Quartz";"Мраморная коллекция (Avant Quartz)";Мраморная
"7070 Калакатта Версаль ";Светло-серого;3200;1600;20;"Avant Quartz";"Мраморная коллекция (Avant Quartz)";Мраморная
"7020 Калакатта Амбуаз";Серого;3200;1600;20;"Avant Quartz";"Мраморная коллекция (Avant Quartz)";Мраморная
"7030 Калакатта Шенонсо";Светло-серого;3200;1600;20;"Avant Quartz";"Мраморная коллекция (Avant Quartz)";Мраморная
"7040 Калакатта Бомениль";Серого;3200;1600;20;"Avant Quartz";"Мраморная коллекция (Avant Quartz)";Мраморная
"7060 Калакатта Мон Сен-Мишель";Черного;3200;1600;20;"Avant Quartz";"Мраморная коллекция (Avant Quartz)";Мраморная
"7080 Калакатта Пьерфон";Серого;3200;1600;20;"Avant Quartz";"Мраморная коллекция (Avant Quartz)";Мраморная
"7090 Калкатта Рона-Альпы";Серого;3200;1600;20;"Avant Quartz";"Мраморная коллекция (Avant Quartz)";Мраморная
"1111 Аваллон";Светло-бежевого;3200;1600;20;"Avant Quartz";"Гранитная коллекция (Avant Quartz)";Гранитная
"5754 Калакатта Вивье";Светло-серого;3200;1600;20;"Avant Quartz";"Мраморная коллекция (Avant Quartz)";Мраморная
"5751 Калакатта Бессон";Светло-серого;3200;1600;20;"Avant Quartz";"Мраморная коллекция (Avant Quartz)";Мраморная
"5752 Калакатта Креспен ";Светло-серого;3200;1600;20;"Avant Quartz";"Мраморная коллекция (Avant Quartz)";Мраморная
"5753 Калакатта Аверон";Светло-серого;3200;1600;20;"Avant Quartz";"Мраморная коллекция (Avant Quartz)";Мраморная
"AE498 Alpine Umber";Коричневого;3100;1520;20;Radianz;"Группа G 1 (Radianz)";Гранитная
"AN230 Antigua Beach";Бежевого;3100;1520;20;Radianz;"Группа G 1 (Radianz)";Гранитная
"BL210 Bahama Linen";Желтого;3100;1520;30;Radianz;"Группа G 1 (Radianz)";Гранитная
"BB227 Bristol Beige";Бежевого;3100;1520;20;Radianz;"Группа G 1 (Radianz)";Гранитная
"CG910 Columbia Gray";Серого;3100;1520;20;Radianz;"Группа G 1 (Radianz)";Гранитная
"TE215 Teton Beige";Бежевого;3100;1520;20;Radianz;"Группа G 1 (Radianz)";Гранитная
"TS495 Toluca Sand";Коричневого;3100;1520;20;Radianz;"Группа G 1 (Radianz)";Гранитная
"AA493 Allegheny Amber  30 мм";Коричневого;3100;1520;30;Radianz;"Группа G 2 (Radianz)";Гранитная
"KC213 Kauai Cream";Светло-бежевого;3100;1520;20;Radianz;"Группа G 2 (Radianz)";Гранитная
"MB990 Mauna Loa Black";Черного;3100;1520;20;Radianz;"Группа G 2 (Radianz)";Гранитная
"RG994 Rangoon Black";Серого;3100;1520;20;Radianz;"Группа G 2 (Radianz)";Гранитная
"SA497 Shasta Brown";Коричневого;3100;1520;20;Radianz;"Группа G 2 (Radianz)";Гранитная
"UG950 Ural Gray";Серого;3200;1600;20;Radianz;"Группа G 2 (Radianz)";Гранитная
"AW130 Aleutian White";Белого;3100;1520;20;Radianz;"Группа G 2 (Radianz)";Гранитная
"EW120 Everest White";Белого;3100;1520;20;Radianz;"Группа G 2 (Radianz)";Гранитная
"DW105 Diamond White";Белого;3100;1520;20;Radianz;"Группа G 2 (Radianz)";Гранитная
"AB144 Adirondack Birch";Белого;3100;1520;20;Radianz;"Группа G 3 (Radianz)";Гранитная
"CO420 Cyprus Orange";Оранжевого;3100;1520;20;Radianz;"Группа G 3 (Radianz)";Гранитная
"GG900 Gentle Gray";Белого;3100;1520;20;Radianz;"Группа G 3 (Radianz)";Гранитная
"KI992 Kunlun Ink";Черного;3100;1520;20;Radianz;"Группа G 3 (Radianz)";Гранитная
"LV225 Luna Verde";Бежевого;3100;1520;20;Radianz;"Группа G 3 (Radianz)";Гранитная
"MS141 Mont Blanc Snow";Белого;3100;1520;20;Radianz;"Группа G 3 (Radianz)";Гранитная
"SR461 Salina Red";"Красного / розового";3100;1520;20;Radianz;"Группа G 3 (Radianz)";Гранитная
"SM499 Sechura Mocha";Коричневого;3100;1520;20;Radianz;"Группа G 3 (Radianz)";Гранитная
"AC495 Acadia Brown";Коричневого;3000;1400;20;Radianz;"Группа G 4 (Radianz)";Гранитная
"BO214 Bora Bora Beige";Светло-бежевого;3100;1520;20;Radianz;"Группа G 4 (Radianz)";Гранитная
"FB991 Ferio Black";Черного;3000;1400;20;Radianz;"Группа G 4 (Radianz)";Гранитная
"GG950 Gold Canyon Gray";Серого;3100;1520;20;Radianz;"Группа G 4 (Radianz)";Гранитная
"IG910 Imperial Gray";Светло-серого;3100;1520;20;Radianz;"Группа G 4 (Radianz)";Гранитная
"MU410 Mariposa Buff";Серого;3100;1520;20;Radianz;"Группа G 4 (Radianz)";Гранитная
"MS980 Midnight Sapphire";"Синего / Голубого";3100;1520;20;Radianz;"Группа G 4 (Radianz)";Гранитная
"MI780 Mirama Bronze";Коричневого;3100;1520;20;Radianz;"Группа G 4 (Radianz)";Гранитная
"CK230 Mykonos Beige";Бежевого;3100;1520;20;Radianz;"Группа G 4 (Radianz)";Гранитная
"SC235 Saltoro Clif";Серого;3100;1520;20;Radianz;"Группа G 4 (Radianz)";Гранитная
"SH145 St.Helens White";Светло-серого;3100;1520;20;Radianz;"Группа G 4 (Radianz)";Гранитная
"WM610 Whistler Mocha Gray";Серого;3100;1520;20;Radianz;"Группа G 4 (Radianz)";Гранитная
"DC155 Denali Cloud";Светло-серого;3100;1520;20;Radianz;"MARBLE COLLECTION  (Radianz)";Мраморная
"LL195 Lucern Lake";Светло-серого;3200;1600;20;Radianz;"MARBLE COLLECTION  (Radianz)";Мраморная
Braemar;Коричневого;3320;1650;20;Cambria;"Classic (Cambria)";Мраморная
"AF953 Ashford Fog";Серого;3200;1600;20;Radianz;"MARBLE COLLECTION  (Radianz)";Мраморная
"KR217 Kiani Cream";Светло-бежевого;3200;1600;20;Radianz;"MARBLE COLLECTION  (Radianz)";Мраморная
"IB989 Impala Black";Черного;3200;1600;20;Radianz;"MARBLE COLLECTION  (Radianz)";Мраморная
"NU744 Nuvola";Светло-серого;3200;1600;20;Radianz;"MARBLE COLLECTION  (Radianz)";Мраморная
"DA744 Danube";Светло-бежевого;3200;1600;20;Radianz;"MARBLE COLLECTION  (Radianz)";Мраморная
"SE155 Sequoia";Светло-серого;3100;1520;20;Radianz;"MARBLE COLLECTION  (Radianz)";Мраморная
"VO255 Volga";Светло-бежевого;3200;1600;20;Radianz;"MARBLE COLLECTION  (Radianz)";Мраморная
"MM357 Milan Macchiato";Серого;3200;1600;20;Radianz;"MARBLE COLLECTION  (Radianz)";Мраморная
"VV254 Verona Verde";Бежевого;3200;1600;20;Radianz;"MARBLE COLLECTION  (Radianz)";Мраморная
"NB278 Napoli Beige";Бежевого;3200;1600;20;Radianz;"MARBLE COLLECTION  (Radianz)";Мраморная
"MG786 Maipo Gray";Серого;3200;1600;20;Radianz;"MARBLE COLLECTION  (Radianz)";Мраморная
"WA389 Wilshire Amber";Коричневого;3200;1600;20;Radianz;"MARBLE COLLECTION  (Radianz)";Мраморная
"NI755 Nimbus";Серого;3200;1600;20;Radianz;"MARBLE COLLECTION  (Radianz)";Мраморная
"OR722 Orion";Светло-серого;3200;1600;20;Radianz;"MARBLE COLLECTION  (Radianz)";Мраморная
"AC711 Acacia";Светло-серого;3200;1600;20;Radianz;"MARBLE COLLECTION  (Radianz)";Мраморная
"SA355 Saffron";Бежевого;3200;1600;20;Radianz;"MARBLE COLLECTION  (Radianz)";Мраморная
"AS955 Aster";Черного;3200;1600;20;Radianz;"MARBLE COLLECTION  (Radianz)";Мраморная
"WI166 Willow";Светло-серого;3200;1600;20;Radianz;"MARBLE COLLECTION  (Radianz)";Мраморная
"AU755 Aurora";Светло-серого;3200;1600;20;Radianz;"MARBLE COLLECTION  (Radianz)";Мраморная
"NW124 Nantucket Whale";Светло-серого;3200;1600;20;Radianz;"MARBLE COLLECTION  (Radianz)";Мраморная
"RI177 Rio";Светло-бежевого;3200;1600;20;Radianz;"MARBLE COLLECTION  (Radianz)";Мраморная
"JU155 Juniper";Светло-серого;3200;1600;20;Radianz;"MARBLE COLLECTION  (Radianz)";Мраморная
"SP850 Splendor";Коричневого;3100;1520;20;Radianz;"MARBLE COLLECTION  (Radianz)";Мраморная
"CO925 Ceres";Серого;3100;1520;20;Radianz;"MARBLE COLLECTION  (Radianz)";Мраморная
"CH949 Characoal";Серого;3100;1520;20;Radianz;"MARBLE COLLECTION  (Radianz)";Мраморная
"CO811 Contrail";Серого;3100;1520;20;Radianz;"MARBLE COLLECTION  (Radianz)";Мраморная
"HA120 Halo";Светло-серого;3100;1520;20;Radianz;"MARBLE COLLECTION  (Radianz)";Мраморная
"PL722 Pluto";Светло-серого;3100;1520;20;Radianz;"MARBLE COLLECTION  (Radianz)";Мраморная
"PG126 Pristine";Светло-серого;3100;1520;20;Radianz;"MARBLE COLLECTION  (Radianz)";Мраморная
"AL450 Alluring";Белого;3100;1520;20;Radianz;"MARBLE COLLECTION  (Radianz)";Мраморная
"CALACATTA AMNIS";Светло-серого;3200;1600;20;Technistone;"Crystal (Technistone)";Мраморная
"CALACATTA SILVA";Бежевого;3200;1600;20;Technistone;"Crystal (Technistone)";Мраморная
"NOBLE LINEA";Светло-серого;3185;1550;20;Technistone;"Noble (Technistone)";Мраморная
"POETIC BLACK Matt";Черного;3200;1600;20;Technistone;"Crystal (Technistone)";Мраморная
"BRILLIANT ARABESCO";Светло-серого;3185;1550;20;Technistone;"Crystal (Technistone)";Мраморная
"BRILLIANT GALAXY";Черного;3050;1440;20;Technistone;"Starlight (Technistone)";Мраморная
"BRILLIANT BLACK";Черного;3185;1550;20;Technistone;"Starlight (Technistone)";Мраморная
"BRILLIANT WHITE";Белого;3185;1550;20;Technistone;"Starlight (Technistone)";Гранитная
"CRYSTAL BALANCE WHITE";Светло-бежевого;3050;1440;20;Technistone;"Essential (Technistone)";Гранитная
"CRYSTAL ANTHRACITE";Серого;3050;1440;20;Technistone;"Essential (Technistone)";Гранитная
"CRYSTAL ROYAL";Белого;3185;1550;20;Technistone;"Essential (Technistone)";Гранитная
"CRYSTAL DIAMOND";Белого;3050;1440;20;Technistone;"Essential (Technistone)";Гранитная
"CRYSTAL POLAR WHITE";Белого;3185;1550;20;Technistone;"Essential (Technistone)";Гранитная
"CRYSTAL ABSOLUTE WHITE";Белого;3185;1550;20;Technistone;"Essential (Technistone)";Гранитная
"CRYSTAL BELGIUM";Черного;3185;1550;20;Technistone;"Essential (Technistone)";Гранитная
"GOBI BLACK";Черного;3185;1550;20;Technistone;"Essential (Technistone)";Гранитная
"TAURUS BLACK";Черного;3185;1550;20;Technistone;"Rustic (Technistone)";Гранитная
"TAURUS TERAZZO GREY";Серого;3185;1550;20;Technistone;"Rustic (Technistone)";Гранитная
"GOBI GREY";Серого;3185;1550;20;Technistone;"Essential (Technistone)";Гранитная
"HARMONIA DOLOMITES";Светло-бежевого;3050;1440;20;Technistone;"Harmonia (Technistone)";Гранитная
"HARMONIA ALTAY";Коричневого;3050;1440;20;Technistone;"Harmonia (Technistone)";Гранитная
"STARLIGHT WHITE";Белого;3050;1440;20;Technistone;"Starlight (Technistone)";Гранитная
"STARLIGHT BLACK";Черного;3050;1440;20;Technistone;"Starlight (Technistone)";Гранитная
"STARLIGHT SAND";Черного;3050;1440;20;Technistone;"Starlight (Technistone)";Гранитная
"NOBLE ATHOS BROWN";Коричневого;3185;1550;20;Technistone;"Noble (Technistone)";Гранитная
"NOBLE CONCRETE GREY";Серого;3185;1550;20;Technistone;"Noble (Technistone)";Гранитная
"NOBLE IVORY WHITE";Бежевого;3185;1550;20;Technistone;"Noble (Technistone)";Гранитная
"NOBLE PIETRA GREY";Коричневого;3185;1550;20;Technistone;"Noble (Technistone)";Гранитная
"NOBLE TROYA";Коричневого;3185;1550;20;Technistone;"Noble (Technistone)";Гранитная
"NOBLE SUPREME WHITE";Белого;3185;1550;20;Technistone;"Noble (Technistone)";Мраморная
"NOBLE DESIREE GREY";Серого;3185;1550;20;Technistone;"Noble (Technistone)";Мраморная
"NOBLE IMPERIAL GREY";Серого;3185;1550;20;Technistone;"Noble (Technistone)";Мраморная
"NOBLE OLYMPOS MIST";Светло-бежевого;3185;1550;20;Technistone;"Noble (Technistone)";Мраморная
"NOBLE BOTTICINO";Светло-бежевого;3185;1550;20;Technistone;"Noble (Technistone)";Мраморная
"NOBLE CALISTA";Бежевого;3185;1550;20;Technistone;"Noble (Technistone)";Мраморная
"NOBLE CARRARA";Светло-серого;3185;1550;20;Technistone;"Noble (Technistone)";Мраморная
"NOBLE ARETI BIANCO";Светло-серого;3185;1550;20;Technistone;"Noble (Technistone)";Мраморная
"NOBLE PERLATO LUNA";Серого;3185;1550;20;Technistone;"Noble (Technistone)";Мраморная
"NOBLE PRO FROST";Белого;3185;1550;20;Technistone;"Noble (Technistone)";Мраморная
"NOBLE PRO CLOUD";Серого;3185;1550;20;Technistone;"Noble (Technistone)";Мраморная
"ELEGANCE ECO ZEN";Бежевого;3050;1440;20;Technistone;"Essential (Technistone)";Гранитная
"NOBLE PRO STORM";Серого;3185;1550;20;Technistone;"Noble (Technistone)";Мраморная
"ELEGANCE ECO ASH";Бежевого;3050;1440;20;Technistone;"Essential (Technistone)";Гранитная
"ELEGANCE ECO NEV ";Бежевого;3185;1550;20;Technistone;"Essential (Technistone)";Гранитная
"NOBLE CONCRETE GREY Matt (матовый)";Серого;3185;1550;20;Technistone;"Noble (Technistone)";Гранитная
"CRYSTAL ABSOLUTE WHITE MATT";Белого;3185;1550;20;Technistone;"Essential (Technistone)";Гранитная
"CRYSTAL BELGIUM";Черного;3185;1550;20;Technistone;"Essential (Technistone)";Гранитная
Bellingham;Серого;3320;1650;20;Cambria;"Classic (Cambria)";Мраморная
Bradshaw;Коричневого;3320;1650;20;Cambria;"Classic (Cambria)";Мраморная
Brentwood;Бежевого;3050;1400;20;Cambria;"Classic (Cambria)";Мраморная
Buckingham;Серого;3320;1650;20;Cambria;"Classic (Cambria)";Мраморная
Canterbury;Коричневого;3320;1650;20;Cambria;"Classic (Cambria)";Мраморная
Carrick;Серого;3320;1650;20;Cambria;"Classic (Cambria)";Мраморная
Charston;Черного;3320;1650;20;Cambria;"Classic (Cambria)";"Крупные вкрапления"
Crowndale;Бежевого;3320;1650;20;Cambria;"Classic (Cambria)";"Крупные вкрапления"
Darlington;Бежевого;3320;1650;20;Cambria;"Classic (Cambria)";Мраморная
Dovedale;Белого;3320;1650;20;Cambria;"Classic (Cambria)";"Крупные вкрапления"
Edinburough;Черного;3320;1650;20;Cambria;"Classic (Cambria)";Гранитная
Ferndale;Коричневого;3320;1650;20;Cambria;"Classic (Cambria)";Мраморная
Hampshire;Коричневого;3320;1650;20;Cambria;"Classic (Cambria)";Мраморная
Hollinsbrook;Черного;3320;1650;20;Cambria;"Classic (Cambria)";Мраморная
Laneshaw;Серого;3320;1650;20;Cambria;"Classic (Cambria)";Мраморная
Lincolnshire;Бежевого;3320;1650;20;Cambria;"Classic (Cambria)";Мраморная
Linwood;Бежевого;3320;1650;20;Cambria;"Classic (Cambria)";Мраморная
Nevern;Бежевого;3320;1650;20;Cambria;"Classic (Cambria)";Мраморная
"New Brighton";Бежевого;3050;1400;20;Cambria;"Classic (Cambria)";Мраморная
Newport;Светло-серого;3320;1650;20;Cambria;"Classic (Cambria)";Мраморная
Sharpham;Черного;3320;1650;20;Cambria;"Classic (Cambria)";Мраморная
Shirebrook;Коричневого;3320;1650;20;Cambria;"Classic (Cambria)";Мраморная
Torquay;Светло-серого;3320;1650;20;Cambria;"Classic (Cambria)";Мраморная
Wavertone;Светло-бежевого;3320;1650;20;Cambria;"Classic (Cambria)";"Крупные вкрапления"
Wellingtone;Черного;3320;1650;20;Cambria;"Classic (Cambria)";Мраморная
Windermere;Светло-бежевого;3320;1650;20;Cambria;"Classic (Cambria)";Мраморная
Bentley;Черного;3320;1650;20;Cambria;"Luxury (Cambria)";Мраморная
"Clairidge ";Коричневого;3320;1650;20;Cambria;"Luxury (Cambria)";Мраморная
"Ella ";Белого;3320;1650;20;Cambria;"Luxury (Cambria)";Мраморная
"Ironsbridge ";Светло-серого;3320;1650;20;Cambria;"Luxury (Cambria)";Мраморная
Levven;Серого;3320;1650;20;Cambria;"Luxury (Cambria)";Мраморная
"Mersey ";Черного;3320;1650;20;Cambria;"Luxury (Cambria)";Мраморная
Roxwell;Серого;3320;1650;20;Cambria;"Luxury (Cambria)";Мраморная
"Queen Anna ";Серого;3320;1650;20;Cambria;"Luxury (Cambria)";Мраморная
"Harlech ";Серого;3050;1400;20;Cambria;"Luxury (Cambria)";Мраморная
"Kelvingrove ";Зеленого;3050;1400;20;Cambria;"Luxury (Cambria)";Мраморная
"Summerhill ";Серого;3050;1400;20;Cambria;"Luxury (Cambria)";Мраморная
"BQ200 Artic Snow";Белого;3300;1650;20;Vicostone;"Classic (Vicostone)";Гранитная
"BQ2600 Valley White";Светло-серого;3300;1650;20;Vicostone;"Classic (Vicostone)";Мраморная
"BQ2607 Serizzo Monterosa";Серого;3300;1650;20;Vicostone;"Classic (Vicostone)";Мраморная
"BQ9330 Oyster";Коричневого;3050;1440;20;Vicostone;"Classic (Vicostone)";Мраморная
"BQ9415 Bizana";Серого;3050;1440;20;Vicostone;"Classic (Vicostone)";Мраморная
"BS124 Satinet";Серого;3300;1650;20;Vicostone;"Classic (Vicostone)";Гранитная
"BS124 Satinet (поверхность Antique (античная)";Серого;3000;1400;20;Vicostone;"Classic (Vicostone)";Гранитная
"BQ8220 Carrara";Светло-серого;3000;1400;20;Vicostone;"Natural (Vicostone)";Мраморная
"BQ2605 Denali (матовый)";Белого;3320;1650;20;Vicostone;"Classic (Vicostone)";Гранитная
"BQ100 Quasar Light";Белого;3000;1400;20;Vicostone;"Natural (Vicostone)";Гранитная
"BQ2101 Pure Bure Black";Черного;3300;1650;20;Vicostone;"Natural (Vicostone)";Гранитная
"BQ8430 Botticino Classic";Светло-бежевого;3000;1400;20;Vicostone;"Natural (Vicostone)";Мраморная
"BQ8440 Bianco Venato";Светло-серого;3050;1440;20;Vicostone;"Natural (Vicostone)";Мраморная
"BQ8560 Dark Emperador";Коричневого;3000;1400;20;Vicostone;"Natural (Vicostone)";Мраморная
"BQ8590 Dolce Vita";Светло-серого;3000;1400;20;Vicostone;"Natural (Vicostone)";Мраморная
"BQ8668 Ice Lake";Серого;3000;1400;20;Vicostone;"Natural (Vicostone)";Мраморная
"BQ8786 Thunder Blue";"Синего / Голубого";3000;1400;20;Vicostone;"Natural (Vicostone)";Мраморная
"BQ8812 Java Noir";Коричневого;3300;1650;20;Vicostone;"Natural (Vicostone)";Мраморная
"BQ8815 Misterio";Светло-серого;3300;1650;20;Vicostone;"Natural (Vicostone)";Мраморная
"BQ8860 Concreto (матовый)";Светло-серого;3300;1650;20;Vicostone;"Natural (Vicostone)";Мраморная
"BQ9310 Silver Sea";Бежевого;3050;1440;20;Vicostone;"Natural (Vicostone)";Мраморная
"BQ9360 Titanium_Brown";Коричневого;3050;1440;20;Vicostone;"Natural (Vicostone)";Мраморная
"BQ9418 Serra";Светло-бежевого;3050;1440;20;Vicostone;"Natural (Vicostone)";Мраморная
"BQ9420 Tobacco";Светло-серого;3050;1440;20;Vicostone;"Natural (Vicostone)";Мраморная
"BQ9453 Taj Mahal";Светло-бежевого;3300;1650;20;Vicostone;"Natural (Vicostone)";Мраморная
"BQ9470 Azul Aran";Серого;3000;1400;20;Vicostone;"Natural (Vicostone)";Мраморная
"BQ2101 Pure Bure Black Antique";Черного;3000;1400;20;Vicostone;"Natural (Vicostone)";Гранитная
"BQ8220 Carrara  Antique";Светло-серого;3000;1400;20;Vicostone;"Natural (Vicostone)";Мраморная
"BQ8402 Delta";Светло-серого;3300;1650;20;Vicostone;"Natural (Vicostone)";Мраморная
"BQ8590 Dolce Vita Antique";Светло-серого;3000;1400;20;Vicostone;"Natural (Vicostone)";Мраморная
"BQ8614 Altissimo";Черного;3300;1650;20;Vicostone;"Natural (Vicostone)";Мраморная
"BQ8815 Misterio Antique";Светло-серого;3000;1400;20;Vicostone;"Natural (Vicostone)";Мраморная
"BQ8820 Misterio Gold";Светло-бежевого;3300;1650;20;Vicostone;"Natural (Vicostone)";Мраморная
"BQ 8863 Tartufo (матовый)";Черного;3300;1650;20;Vicostone;"Natural (Vicostone)";Мраморная
"BQ 8864 Naxos (матовый)";Светло-серого;3300;1650;20;Vicostone;"Natural (Vicostone)";Мраморная
"BQ8870 Olympus White (матовый)";Светло-серого;3300;1650;20;Vicostone;"Natural (Vicostone)";Мраморная
"BQ8270 Сalacatta";Светло-бежевого;3050;1440;20;Vicostone;"Exzotic (Vicostone)";Мраморная
"BQ8550 Onixaa";Светло-серого;3050;1440;20;Vicostone;"Exzotic (Vicostone)";Мраморная
"BQ8583 Akoya";Светло-бежевого;3050;1440;20;Vicostone;"Exzotic (Vicostone)";Мраморная
"BQ8628 Statuario";Светло-серого;3050;1440;20;Vicostone;"Exzotic (Vicostone)";Мраморная
"BQ8660 Venatino";Светло-серого;3300;1650;20;Vicostone;"Exzotic (Vicostone)";Мраморная
"BQ8690 Luce Di Luna";Светло-серого;3050;1440;20;Vicostone;"Exzotic (Vicostone)";Мраморная
"BQ8738 Greylac";Белого;3300;1650;20;Vicostone;"Exzotic (Vicostone)";Мраморная
"BQ8716 Thunder_grey";Серого;3050;1440;20;Vicostone;"Exzotic (Vicostone)";Мраморная
"BQ8740 Nero Marquina";Черного;3300;1650;20;Vicostone;"Exzotic (Vicostone)";Мраморная
"BQ8780 Argento";Светло-серого;3300;1650;20;Vicostone;"Exzotic (Vicostone)";Мраморная
"BQ8788 Diamante";Светло-серого;3300;1650;20;Vicostone;"Exzotic (Vicostone)";Мраморная
"BQ8811 Tuscany";Светло-серого;3050;1440;20;Vicostone;"Exzotic (Vicostone)";Мраморная
"BQ8912 Arabescato";Светло-серого;3050;1440;20;Vicostone;"Exzotic (Vicostone)";Мраморная
"BQ9438 Tiger";Коричневого;3050;1440;20;Vicostone;"Exzotic (Vicostone)";Мраморная
"BQ9602 Eramosa";Коричневого;3050;1440;20;Vicostone;"Exzotic (Vicostone)";Мраморная
"BQ9606 Avorio";Светло-серого;3050;1440;20;Vicostone;"Exzotic (Vicostone)";Мраморная
"BQ9610 Acacia";Светло-бежевого;3050;1440;20;Vicostone;"Exzotic (Vicostone)";Мраморная
"BQ9611 Majestic Black";Черного;3050;1440;20;Vicostone;"Exzotic (Vicostone)";Мраморная
"BQ6702 Costa Nova";Белого;3300;1650;20;Vicostone;"Exzotic (Vicostone)";Мраморная
"BQ8800 Bettoglio";Светло-серого;3300;1650;20;Vicostone;"Exzotic (Vicostone)";Мраморная
"BQ8730  Argento Сemento Brushed";Светло-серого;3300;1650;20;Vicostone;"Exzotic (Vicostone)";Мраморная
"BQ8740 Nero Marquina Antique";Черного;3000;1400;20;Vicostone;"Exzotic (Vicostone)";Мраморная
"BQ8881 Gan Eden";Светло-серого;3300;1650;20;Vicostone;"Exzotic (Vicostone)";Мраморная
"BQ8887 Amadeus ";Черного;3300;1650;20;Vicostone;"Exzotic (Vicostone)";Мраморная
"BQ 8918 Vivalioro ";Светло-бежевого;3300;1650;20;Vicostone;"Exzotic (Vicostone)";Мраморная
"BQ8926 Calacatta Caldia матовый";Светло-бежевого;3300;1650;20;Vicostone;"Exzotic (Vicostone)";Мраморная
"BQ9700 Sahara Noir";Черного;3300;1650;20;Vicostone;"Exzotic (Vicostone)";Мраморная
"Calacata  7040";Светло-серого;3200;1600;20;IdsStone;"Calacata/Marble (IDS-Stone)";Мраморная
"Calacatta Classic 1003";Светло-серого;3200;1600;20;IdsStone;"Calacata/Marble (IDS-Stone)";Мраморная
" Marble H6015";Светло-бежевого;3050;1500;20;IdsStone;"Calacata/Marble (IDS-Stone)";Мраморная
"Marble J21-004";Светло-серого;3200;1600;20;IdsStone;"Calacata/Marble (IDS-Stone)";Мраморная
"6013 Catania (Marble H6013)";Коричневого;3050;1500;20;IdsStone;"Calacata/Marble (IDS-Stone)";Мраморная
"Marble H8418";Бежевого;3050;1500;20;IdsStone;"Calacata/Marble (IDS-Stone)";Мраморная
" Marble H004";Бежевого;3050;750;20;IdsStone;"Calacata/Marble (IDS-Stone)";Мраморная
"Granite TCE 2022";Бежевого;3050;1500;20;IdsStone;"Granite (IDS-Stone)";Гранитная
"Granite SL 8008 / Crystal White 8008";Белого;3050;1500;20;IdsStone;"Granite (IDS-Stone)";Гранитная
"Granite FK 1050";Коричневого;3050;1500;20;IdsStone;"Granite (IDS-Stone)";Гранитная
"Granite ES 1204";Коричневого;3050;750;15;IdsStone;"Granite (IDS-Stone)";Гранитная
"Granite TCE 2131";Бежевого;3050;1500;20;IdsStone;"Granite (IDS-Stone)";Гранитная
"Granite SL 9615 ";Бежевого;3050;1500;20;IdsStone;"Granite (IDS-Stone)";Гранитная
"Granite SL 9621";Серого;3050;750;20;IdsStone;"Granite (IDS-Stone)";Гранитная
"Melfi 9912 (Granite ES 9912)";Серого;3050;750;20;IdsStone;"Granite (IDS-Stone)";Гранитная
"Granite Z5005";Коричневого;3050;750;15;IdsStone;"Granite (IDS-Stone)";Гранитная
"Granite ES 1000";Белого;3050;1500;20;IdsStone;"Granite (IDS-Stone)";Гранитная
"Granite Z2032";Серого;3050;750;20;IdsStone;"Granite (IDS-Stone)";Гранитная
"Granite SL 9607 / Mirror White 9607";Белого;3050;1500;20;IdsStone;"Granite (IDS-Stone)";Гранитная
"Calacata 0420";Белого;3200;1600;20;IdsStone;"Calacata/Marble (IDS-Stone)";Мраморная
"1007  Volen / Calacata 1007";Светло-серого;3200;1600;20;IdsStone;"Calacata/Marble (IDS-Stone)";Мраморная
"0604 Sitjes ";Серого;3200;1600;20;IdsStone;"Calacata/Marble (IDS-Stone)";Мраморная
"Calacata 1217 ";Коричневого;3200;1600;20;IdsStone;"Calacata/Marble (IDS-Stone)";Мраморная
"Calacata 0503";Бежевого;3200;1600;20;IdsStone;"Calacata/Marble (IDS-Stone)";Мраморная
" Valans 1022 / Calacata 1022";Белого;3200;1600;20;IdsStone;"Calacata/Marble (IDS-Stone)";Мраморная
"Calacata 1201";Серого;3200;1600;20;IdsStone;"Calacata/Marble (IDS-Stone)";Мраморная
"Morsan 1113";Светло-серого;3200;1600;20;IdsStone;"Calacata/Marble (IDS-Stone)";Мраморная
"Calacata 1202";Светло-серого;3200;1600;20;IdsStone;"Calacata/Marble (IDS-Stone)";Мраморная
"Calacata 6017";Светло-серого;3200;1600;20;IdsStone;"Calacata/Marble (IDS-Stone)";Мраморная
"Calacata 6069";Светло-серого;3200;1600;20;IdsStone;"Calacata/Marble (IDS-Stone)";Мраморная
"Avola 6083 / Calacata 6083";Светло-серого;3200;1600;20;IdsStone;"Calacata/Marble (IDS-Stone)";Мраморная
" 1102 Roan  (calacata 1102)";Светло-серого;3200;1600;20;IdsStone;"Calacata/Marble (IDS-Stone)";Мраморная
"Calacata  11016";Светло-серого;3200;1600;20;IdsStone;"Calacata/Marble (IDS-Stone)";Мраморная
"Aosta 6099";Светло-серого;3200;1600;20;IdsStone;"Calacata/Marble (IDS-Stone)";Мраморная
"Calacata 8051";Светло-серого;3200;1600;20;IdsStone;"Calacata/Marble (IDS-Stone)";Мраморная
"Marble 0932 / 0932 Olivia";Коричневого;3200;1600;20;IdsStone;"Calacata/Marble (IDS-Stone)";Мраморная
"Calacata Matterhorn 5104 ";Светло-серого;3200;1600;20;IdsStone;"Calacata/Marble (IDS-Stone)";Мраморная
"7077 Calacatta Leffe";Белого;3200;1600;20;IdsStone;"Calacata/Marble (IDS-Stone)";Мраморная
"CALACATTA GOLD 3213";Светло-бежевого;3200;1600;20;IdsStone;"Calacata/Marble (IDS-Stone)";Мраморная
"Calacata L020";Коричневого;3200;1600;20;IdsStone;"Calacata/Marble (IDS-Stone)";Мраморная
"6037 Impala Black  / Calacata 6033 ";Черного;3200;1600;20;IdsStone;"Calacata/Marble (IDS-Stone)";Мраморная
"Calacata 88014 (СНЯТ)";Черного;3200;1600;20;IdsStone;"Calacata/Marble (IDS-Stone)";Мраморная
"Calacata 26062";Серого;3200;1600;20;IdsStone;"Calacata/Marble (IDS-Stone)";Мраморная
"Calacata 6033W";Светло-серого;3200;1600;20;IdsStone;"Calacata/Marble (IDS-Stone)";Мраморная
"Marble H901";Светло-серого;3200;1600;20;IdsStone;"Calacata/Marble (IDS-Stone)";Мраморная
"Carrara  White 1401 ";Светло-серого;3200;1600;20;IdsStone;"Calacata/Marble (IDS-Stone)";Мраморная
"Carrara Grey 2323 ";Серого;3200;1600;20;IdsStone;"Calacata/Marble (IDS-Stone)";Мраморная
"Marble H915";Светло-серого;3050;1500;20;IdsStone;"Calacata/Marble (IDS-Stone)";Мраморная
"Adara 6008 (Marble H6008)";Серого;3050;1500;20;IdsStone;"Calacata/Marble (IDS-Stone)";Мраморная
"Granite TCE 2014";Черного;3050;1500;20;IdsStone;"Granite (IDS-Stone)";Гранитная
"8765 Volcano Black ";Черного;3100;1520;20;Belenco;—;Гранитная
"1150 Dorata Gold";Бежевого;3100;1520;20;Belenco;—;Гранитная
"8765 Volcano Black Seta (матовый)";Черного;3100;1520;20;Belenco;—;Гранитная
"5050 Forza Fume ";Серого;3100;1520;20;Belenco;—;Гранитная
"5250 Elixir White ";Светло-бежевого;3100;1520;20;Belenco;—;Гранитная
"2051 Kristella Fume ";Серого;3100;1520;20;Belenco;—;Гранитная
"4262 Kristella White";Белого;3100;1520;20;Belenco;—;Гранитная
"5151 Kristalius Beige";Бежевого;3100;1520;20;Belenco;—;Гранитная
"5751 Gala Black";Черного;3100;1520;20;Belenco;—;Гранитная
"5139 Juliet White";Белого;3100;1520;20;Belenco;—;Гранитная
"7543 Montana";Белого;3100;1520;20;Belenco;—;Мраморная
"5329 Mocca Mousse";Бежевого;3100;1520;20;Belenco;—;Мраморная
"4444 Sahara Beige";Бежевого;3100;1520;20;Belenco;—;Мраморная
"4043 Aizano";Черного;3100;1520;20;Belenco;—;Мраморная
"4043 Aizano Seta (матовый)";Черного;3100;1520;20;Belenco;—;Мраморная
"4227 Fairy White ";Светло-серого;3100;1520;20;Belenco;—;Мраморная
"6114 Belluno";Светло-бежевого;3185;1550;20;Belenco;—;Мраморная
"6114 Belluno Soft Touch (матовый)";Светло-бежевого;3100;1520;20;Belenco;—;Мраморная
"3555 Parma";Бежевого;3100;1520;20;Belenco;—;Мраморная
"3223  Lumiere";Светло-бежевого;3100;1520;20;Belenco;—;Мраморная
"1227 Pixie Wings";Светло-бежевого;3100;1520;20;Belenco;—;Мраморная
"2254 Aurora";Светло-серого;3300;1650;20;Belenco;—;Мраморная
"6656 Lisbon";Светло-бежевого;3100;1520;20;Belenco;—;Гранитная
"4535 Terre Grey";Коричневого;3100;1520;20;Belenco;—;Мраморная
"3110 Polaris";Белого;3100;1520;20;Belenco;—;Гранитная
"4458 Chakra Beige";Бежевого;3300;1650;20;Belenco;—;Мраморная
"7537 Metropol Grey";Коричневого;3100;1520;20;Belenco;—;Мраморная
"7537 Metropol Grey Seta (матовый)";Серого;3100;1520;20;Belenco;—;Мраморная
"3333 Boletus";Бежевого;3100;1520;20;Belenco;—;Мраморная
"3333 Boletus Seta (матовый)";Бежевого;3100;1520;20;Belenco;—;Мраморная
"3618 Olympos";Бежевого;3100;1520;20;Belenco;—;Мраморная
"4558 Babilon";Коричневого;3100;1520;20;Belenco;—;Мраморная
"4558 Babilon Seta (матовый)";Коричневого;3100;1520;20;Belenco;—;Мраморная
"9113 Alinda";Светло-бежевого;3300;1650;20;Belenco;—;Мраморная
"8113 Anemon";Светло-серого;3100;1520;20;Belenco;—;Мраморная
"8727 Spa Black";Черного;3300;1650;20;Belenco;—;Мраморная
"8727 Spa Black Seta (Матовый)";Черного;3300;1650;20;Belenco;—;Мраморная
"1124  Amalfi";Светло-серого;3100;1520;20;Belenco;—;Мраморная
"4524  La Luna";Светло-серого;3300;1650;20;Belenco;—;Мраморная
"3113 Daphne Creek";Белого;3300;1650;20;Belenco;—;Мраморная
"4123 Kashmera White";Светло-серого;3100;1520;20;Belenco;—;Мраморная
"5114 Carola";Светло-бежевого;3100;1520;20;Belenco;—;Мраморная
"2110 Angel White";Белого;3100;1520;20;Belenco;—;Гранитная
"1110 Iceberg";Белого;3100;1520;20;Belenco;—;Мраморная
"1123 Perla White";Светло-серого;3300;1650;20;Belenco;—;Мраморная
"2214 Teos";Светло-серого;3100;1520;20;Belenco;—;Мраморная
"9719 Marquina Lavanga";Черного;3100;1520;20;Belenco;—;Мраморная
"9119 Calacatta Veneto";Светло-серого;3100;1520;20;Belenco;—;Мраморная
"R510 Черное море";Черного;3200;1600;20;АВАРУС;—;Мраморная
"R403 Скалы Карелии";Серого;3050;1440;20;АВАРУС;—;Мраморная
"R310 Полярная ночь";Черного;3050;1440;20;АВАРУС;—;Гранитная
"C3269H Ash Grey Honed";Бежевого;3300;1650;20;Stratos;—;Монотонная
"R413 Туман Невы";Серого;3050;1440;20;АВАРУС;—;Мраморная
"R515 Вулканы Камчатки";Белого;3200;1600;20;АВАРУС;—;Мраморная
"R531 Донская Степь";Коричневого;3050;1440;20;АВАРУС;—;Мраморная
"С2104H Massa Honed";Светло-серого;3300;1650;20;Stratos;—;Монотонная
"R522 Золотое Кольцо";Бежевого;3050;1440;20;АВАРУС;—;Мраморная
"R538 Горы Кавказа";Коричневого;3050;1440;20;АВАРУС;—;Мраморная
" C3105 Casla Cloudy";Светло-серого;3300;1650;20;Stratos;—;Монотонная
"R503 Уральские Горы";Коричневого;3050;1440;20;АВАРУС;—;Мраморная
"R511 Лёд Байкала";Серого;3200;1600;20;АВАРУС;—;Мраморная
"C3146H Casla Nova Hohed";Светло-серого;3320;1650;20;Stratos;—;Монотонная
"RM510 Черное море (матовый)";Черного;3050;1440;20;АВАРУС;—;Мраморная
"RM403 Скалы Карелии (матовый)";Серого;3050;1440;20;АВАРУС;—;Мраморная
"R520 Астраханские пески";Белого;3050;1440;20;АВАРУС;—;Мраморная
"R104 Белая тайга";Белого;3050;1440;20;АВАРУС;—;Мраморная
"R112 Соль Каспия";Белого;3050;1440;20;АВАРУС;—;Мраморная
"C1205 Casla Everest";Белого;3300;1650;20;Stratos;—;Монотонная
"R122 Алмазы Якутии";Белого;3050;1440;20;АВАРУС;—;Мраморная
"R444 Ай-Петри";Серого;3050;1440;20;АВАРУС;—;Мраморная
"R500 Жемчуг Приморья";Серого;3050;1440;20;АВАРУС;—;Мраморная
"R541 Снега Сибири";Светло-серого;3200;1600;20;АВАРУС;—;Мраморная
"RM500 Жемчуг Приморья (матовый)";Серого;3050;1440;20;АВАРУС;—;Мраморная
"R543 Пик Эльбруса";Светло-серого;3200;1600;20;АВАРУС;—;Мраморная
"R555 Балтийский берег";Светло-серого;3050;1440;20;АВАРУС;—;Мраморная
"R558 Просторы Поволжья";Бежевого;3050;1440;20;АВАРУС;—;Мраморная
"R677 Московская ночь";Черного;3050;1440;20;АВАРУС;—;Мраморная
"RM444 Ай-Петри (матовый)";Серого;3050;1440;20;АВАРУС;—;Мраморная
"R575 Красная поляна";Светло-бежевого;3050;1440;20;АВАРУС;—;Мраморная
"R511 Лёд Байкала (матовый)";Серого;3050;1440;20;АВАРУС;—;Мраморная
"RM543 Пик Эльбруса (матовый)";Светло-серого;3050;1440;20;АВАРУС;—;Мраморная
"RM560 Золотые Ворота (матовый)";Бежевого;3050;1440;20;АВАРУС;—;Мраморная
"C3269 Ash Grey";Серого;3320;1650;20;Stratos;—;Монотонная
"R590 Северное сияние";Черного;3050;1440;20;АВАРУС;—;Мраморная
"C1005 Milky White";Белого;3300;1650;20;Stratos;—;Монотонная
"C3168 Silver Way";Светло-серого;3300;1650;20;Stratos;—;Монотонная
"C1102 Super White";Белого;3300;1650;20;Stratos;—;Монотонная
" C1102 Super White Honed";Белого;3300;1650;20;Stratos;—;Монотонная
"C3146 Casla Nova";Светло-серого;3300;1650;20;Stratos;—;Монотонная
"C3311 Calacatta Sky";Белого;3300;1650;20;Stratos;—;Монотонная
"C4143 Mario";Белого;3300;1650;20;Stratos;—;Монотонная
"C4143H Mario Honed";Белого;3300;1650;20;Stratos;—;"Мраморная / Калакатта"
"C4145 Marina";Светло-серого;3300;1650;20;Stratos;—;"Мраморная / Калакатта"
" C4145H Marina Honed ";Светло-серого;3300;1650;20;Stratos;—;"Мраморная / Калакатта"
"C4221 Athena";Светло-бежевого;3300;1650;20;Stratos;—;"Мраморная / Калакатта"
" C4202 Calacatta Gold";Светло-бежевого;3300;1650;20;Stratos;—;Монотонная
"C4211 Calacatta Supreme";Светло-бежевого;3300;1650;20;Stratos;—;Монотонная
" C4211H Calacatta Supreme Honed  ";Светло-серого;3300;1650;20;Stratos;—;"Мраморная / Калакатта"
" C2262 Concrete Honed";Серого;3300;1650;20;Stratos;—;Мраморная
" C4342 Eternal";Светло-серого;3300;1650;20;Stratos;—;"Мраморная / Калакатта"
" C2240H Marquina Honed";Черного;3300;1650;20;Stratos;—;"Мраморная / Калакатта"
"C4348 Montana";Светло-серого;3300;1650;20;Stratos;—;"Мраморная / Калакатта"
"C4250 Elio";Светло-серого;3300;1650;20;Stratos;—;"Мраморная / Калакатта"
"C4147 Mont";Светло-серого;3300;1650;20;Stratos;—;"Мраморная / Калакатта"
"C4147H Mont Honed";Светло-серого;3300;1650;20;Stratos;—;"Мраморная / Калакатта"
